1,United States,Alabama,Auburn,32.6087,-85.4899
2,United States,Alabama,Birmingham,33.5277,-86.7987
3,United States,Alabama,Decatur,34.573,-86.9906
4,United States,Alabama,Dothan,31.2335,-85.4069
5,United States,Alabama,Florence,34.8303,-87.6654
6,United States,Alabama,Hoover,33.3754,-86.8064
7,United States,Alabama,Huntsville,34.6988,-86.6412
8,United States,Alabama,Madison,34.7114,-86.7626
9,United States,Alabama,Mobile,30.6783,-88.1162
10,United States,Alabama,Montgomery,32.3473,-86.2666
11,United States,Alabama,Phenix City,32.4588,-85.0251
12,United States,Alabama,Tuscaloosa,33.2348,-87.5267
13,United States,Alaska,Anchorage,61.1508,-149.1091
14,United States,Arizona,Apache Junction,33.3985,-111.5351
15,United States,Arizona,Avondale,33.3858,-112.3236
16,United States,Arizona,Buckeye,33.4314,-112.6429
17,United States,Arizona,Bullhead City,35.1205,-114.546
18,United States,Arizona,Casa Grande,32.9068,-111.7624
19,United States,Arizona,Chandler,33.2826,-111.8516
20,United States,Arizona,Flagstaff,35.1872,-111.6195
21,United States,Arizona,Gilbert,33.3101,-111.7463
22,United States,Arizona,Glendale,33.5791,-112.2311
23,United States,Arizona,Goodyear,33.2613,-112.3622
24,United States,Arizona,Lake Havasu City,34.5006,-114.3113
25,United States,Arizona,Marana,32.4355,-111.1558
26,United States,Arizona,Maricopa,33.0404,-112.0006
27,United States,Arizona,Mesa,33.4017,-111.718
28,United States,Arizona,Oro Valley,32.4208,-110.9768
29,United States,Arizona,Peoria,33.7844,-112.2989
30,United States,Arizona,Phoenix,33.5722,-112.0891
31,United States,Arizona,Prescott,34.585,-112.4475
32,United States,Arizona,Prescott Valley,34.5983,-112.3176
33,United States,Arizona,Scottsdale,33.6872,-111.8651
34,United States,Arizona,Sierra Vista,31.563,-110.3153
35,United States,Arizona,Surprise,33.68,-112.4524
36,United States,Arizona,Tempe,33.3881,-111.9318
37,United States,Arizona,Tucson,32.1545,-110.8782
38,United States,Arizona,Yuma,32.5992,-114.5488
39,United States,Arkansas,Bentonville,36.3546,-94.2306
40,United States,Arkansas,Conway,35.0754,-92.4694
41,United States,Arkansas,Fayetteville,36.0713,-94.166
42,United States,Arkansas,Fort Smith,35.3493,-94.3695
43,United States,Arkansas,Jonesboro,35.8212,-90.6791
44,United States,Arkansas,Little Rock,34.7256,-92.3576
45,United States,Arkansas,North Little Rock,34.7808,-92.2371
46,United States,Arkansas,Pine Bluff,34.2116,-92.0178
47,United States,Arkansas,Rogers,36.3172,-94.1526
48,United States,Arkansas,Springdale,36.1899,-94.1574
49,United States,California,Alameda,37.767,-122.2672
50,United States,California,Alhambra,34.084,-118.1355
51,United States,California,Aliso Viejo,33.5792,-117.7289
52,United States,California,Anaheim,33.839,-117.8572
53,United States,California,Antioch,37.9789,-121.7958
54,United States,California,Apple Valley,34.5328,-117.2104
55,United States,California,Arcadia,34.1342,-118.0373
56,United States,California,Azusa,34.1386,-117.9124
57,United States,California,Bakersfield,35.3529,-119.0359
58,United States,California,Baldwin Park,34.0829,-117.9721
59,United States,California,Beaumont,33.9076,-116.9766
60,United States,California,Bell Gardens,33.9663,-118.155
61,United States,California,Bellflower,33.888,-118.1271
62,United States,California,Berkeley,37.8723,-122.276
63,United States,California,Brea,33.9254,-117.8656
64,United States,California,Brentwood,37.9355,-121.7191
65,United States,California,Buena Park,33.8572,-118.0046
66,United States,California,Burbank,34.1879,-118.3235
67,United States,California,Calexico,32.6849,-115.4944
68,United States,California,Camarillo,34.223,-119.0322
69,United States,California,Campbell,37.2802,-121.9538
70,United States,California,Carlsbad,33.1247,-117.2837
71,United States,California,Carson,33.8374,-118.2559
72,United States,California,Cathedral City,33.8363,-116.4642
73,United States,California,Ceres,37.5953,-120.9625
74,United States,California,Cerritos,33.8677,-118.0686
75,United States,California,Chico,39.7575,-121.8152
76,United States,California,Chino,33.9836,-117.6654
77,United States,California,Chino Hills,33.9508,-117.7253
78,United States,California,Chula Vista,32.6281,-117.0145
79,United States,California,Citrus Heights,38.6948,-121.288
80,United States,California,Clovis,36.8278,-119.6831
81,United States,California,Coachella,33.6905,-116.143
82,United States,California,Colton,34.0538,-117.3254
83,United States,California,Compton,33.893,-118.2275
84,United States,California,Concord,37.9722,-122.0016
85,United States,California,Corona,33.8616,-117.5649
86,United States,California,Costa Mesa,33.6667,-117.9135
87,United States,California,Covina,34.0903,-117.8817
88,United States,California,Culver City,34.0058,-118.3968
89,United States,California,Cupertino,37.3168,-122.0465
90,United States,California,Cypress,33.8171,-118.0386
91,United States,California,Daly City,37.6862,-122.4685
92,United States,California,Danville,37.8121,-121.9698
93,United States,California,Davis,38.5552,-121.7365
94,United States,California,Delano,35.767,-119.2637
95,United States,California,Diamond Bar,33.9991,-117.8161
96,United States,California,Downey,33.9379,-118.1312
97,United States,California,Dublin,37.7161,-121.8963
98,United States,California,Eastvale,33.9617,-117.5802
99,United States,California,El Cajon,32.8017,-116.9605
100,United States,California,El Centro,32.7867,-115.5586
101,United States,California,El Monte,34.0739,-118.0291
102,United States,California,Elk Grove,38.416,-121.3842
103,United States,California,Encinitas,33.049,-117.2613
104,United States,California,Escondido,33.1347,-117.0722
105,United States,California,Fairfield,38.2592,-122.0324
106,United States,California,Folsom,38.6668,-121.1422
107,United States,California,Fontana,34.0968,-117.4599
108,United States,California,Fountain Valley,33.7105,-117.9514
109,United States,California,Fremont,37.5265,-121.9852
110,United States,California,Fresno,36.7831,-119.7941
111,United States,California,Fullerton,33.8841,-117.9279
112,United States,California,Garden Grove,33.7787,-117.9601
113,United States,California,Gardena,33.8944,-118.3073
114,United States,California,Gilroy,37.0047,-121.5855
115,United States,California,Glendale,34.1818,-118.2468
116,United States,California,Glendora,34.1449,-117.8468
117,United States,California,Hanford,36.3274,-119.6549
118,United States,California,Hawthorne,33.9146,-118.3476
119,United States,California,Hayward,37.6328,-122.0772
120,United States,California,Hemet,33.7341,-116.9969
121,United States,California,Hesperia,34.3975,-117.3147
122,United States,California,Highland,34.1113,-117.1654
123,United States,California,Huntington Beach,33.696,-118.0025
124,United States,California,Huntington Park,33.98,-118.2167
125,United States,California,Indio,33.7346,-116.2346
126,United States,California,Inglewood,33.9566,-118.3444
127,United States,California,Irvine,33.6772,-117.7738
128,United States,California,Jurupa Valley,34.001,-117.4705
129,United States,California,La Habra,33.9278,-117.9513
130,United States,California,La Mesa,32.7703,-117.0204
131,United States,California,La Mirada,33.9025,-118.0093
132,United States,California,La Puente,34.0323,-117.9533
133,United States,California,La Quinta,33.6536,-116.2785
134,United States,California,Laguna Niguel,33.5275,-117.705
135,United States,California,Lake Elsinore,33.6847,-117.3344
136,United States,California,Lake Forest,33.6606,-117.6712
137,United States,California,Lakewood,33.8471,-118.1221
138,United States,California,Lancaster,34.6935,-118.1753
139,United States,California,Lincoln,38.8759,-121.2916
140,United States,California,Livermore,37.6862,-121.7608
141,United States,California,Lodi,38.1218,-121.2932
142,United States,California,Lompoc,34.6618,-120.4714
143,United States,California,Long Beach,33.7981,-118.1675
144,United States,California,Los Angeles,34.1139,-118.4068
145,United States,California,Lynwood,33.924,-118.2017
146,United States,California,Madera,36.9631,-120.0782
147,United States,California,Manteca,37.7927,-121.2264
148,United States,California,Martinez,37.9985,-122.116
149,United States,California,Menifee,33.6909,-117.1849
150,United States,California,Merced,37.3057,-120.4778
151,United States,California,Milpitas,37.4339,-121.8921
152,United States,California,Mission Viejo,33.6095,-117.655
153,United States,California,Modesto,37.6374,-121.0028
154,United States,California,Monrovia,34.165,-117.9921
155,United States,California,Montclair,34.0714,-117.698
156,United States,California,Montebello,34.0155,-118.1108
157,United States,California,Monterey Park,34.0497,-118.1326
158,United States,California,Moreno Valley,33.9244,-117.2045
159,United States,California,Morgan Hill,37.1326,-121.6417
160,United States,California,Mountain View,37.4,-122.0796
161,United States,California,Murrieta,33.572,-117.1909
162,United States,California,Napa,38.2976,-122.3011
163,United States,California,National City,32.6654,-117.0983
164,United States,California,Newark,37.5204,-122.0312
165,United States,California,Newport Beach,33.6151,-117.8669
166,United States,California,Norwalk,33.9069,-118.0829
167,United States,California,Novato,38.092,-122.5576
168,United States,California,Oakland,37.7903,-122.2165
169,United States,California,Oakley,37.9929,-121.6951
170,United States,California,Oceanside,33.2247,-117.3083
171,United States,California,Ontario,34.0393,-117.6064
172,United States,California,Orange,33.8038,-117.8218
173,United States,California,Oxnard,34.1963,-119.1815
174,United States,California,Pacifica,37.6112,-122.4781
175,United States,California,Palm Desert,33.7378,-116.3695
176,United States,California,Palm Springs,33.8017,-116.5382
177,United States,California,Palmdale,34.5944,-118.1057
178,United States,California,Palo Alto,37.3913,-122.1468
179,United States,California,Paramount,33.8976,-118.1652
180,United States,California,Pasadena,34.1597,-118.139
181,United States,California,Perris,33.7899,-117.2233
182,United States,California,Petaluma,38.2423,-122.6267
183,United States,California,Pico Rivera,33.9902,-118.0888
184,United States,California,Pittsburg,38.0182,-121.8964
185,United States,California,Placentia,33.8807,-117.8553
186,United States,California,Pleasanton,37.6663,-121.8805
187,United States,California,Pomona,34.0585,-117.7626
188,United States,California,Porterville,36.0644,-119.0338
189,United States,California,Poway,32.9871,-117.0201
190,United States,California,Rancho Cordova,38.574,-121.2523
191,United States,California,Rancho Cucamonga,34.1248,-117.5666
192,United States,California,Rancho Palos Verdes,33.7554,-118.3637
193,United States,California,Rancho Santa Margarita,33.6318,-117.5989
194,United States,California,Redding,40.5698,-122.365
195,United States,California,Redlands,34.0511,-117.1712
196,United States,California,Redondo Beach,33.8574,-118.3766
197,United States,California,Redwood City,37.5026,-122.2252
198,United States,California,Rialto,34.1174,-117.3894
199,United States,California,Richmond,37.9477,-122.339
200,United States,California,Riverside,33.9381,-117.3948
201,United States,California,Rocklin,38.8075,-121.2488
202,United States,California,Rohnert Park,38.348,-122.6964
203,United States,California,Rosemead,34.0689,-118.0823
204,United States,California,Roseville,38.7703,-121.3196
205,United States,California,Sacramento,38.5667,-121.4683
206,United States,California,Salinas,36.6884,-121.6317
207,United States,California,San Bernardino,34.1417,-117.2946
208,United States,California,San Bruno,37.6254,-122.4313
209,United States,California,San Buenaventura (Ventura),34.2741,-119.2314
210,United States,California,San Clemente,33.4498,-117.6103
211,United States,California,San Diego,32.8312,-117.1225
212,United States,California,San Francisco,37.7562,-122.443
213,United States,California,San Gabriel,34.0948,-118.099
214,United States,California,San Jacinto,33.797,-116.9916
215,United States,California,San Jose,37.3019,-121.8486
216,United States,California,San Leandro,37.7071,-122.1601
217,United States,California,San Luis Obispo,35.2669,-120.6691
218,United States,California,San Marcos,33.135,-117.1744
219,United States,California,San Mateo,37.5521,-122.3122
220,United States,California,San Rafael,37.9905,-122.5222
221,United States,California,San Ramon,37.7625,-121.9365
222,United States,California,Santa Ana,33.7366,-117.8819
223,United States,California,Santa Barbara,34.4285,-119.7202
224,United States,California,Santa Clara,37.3645,-121.968
225,United States,California,Santa Clarita,34.4175,-118.4964
226,United States,California,Santa Cruz,36.9789,-122.0346
227,United States,California,Santa Maria,34.9334,-120.4432
228,United States,California,Santa Monica,34.0232,-118.4813
229,United States,California,Santa Rosa,38.4458,-122.7067
230,United States,California,Santee,32.8554,-116.9851
231,United States,California,Simi Valley,34.2663,-118.749
232,United States,California,South Gate,33.9448,-118.1926
233,United States,California,South San Francisco,37.6536,-122.4197
234,United States,California,Stanton,33.8002,-117.9935
235,United States,California,Stockton,37.9765,-121.3109
236,United States,California,Sunnyvale,37.3836,-122.0256
237,United States,California,Temecula,33.4928,-117.1315
238,United States,California,Thousand Oaks,34.1914,-118.8755
239,United States,California,Torrance,33.8346,-118.3417
240,United States,California,Tracy,37.7269,-121.4522
241,United States,California,Tulare,36.1996,-119.34
242,United States,California,Turlock,37.5053,-120.8588
243,United States,California,Tustin,33.7309,-117.8106
244,United States,California,Union City,37.603,-122.0187
245,United States,California,Upland,34.1178,-117.6603
246,United States,California,Vacaville,38.359,-121.968
247,United States,California,Vallejo,38.1133,-122.2358
248,United States,California,Victorville,34.5277,-117.3536
249,United States,California,Visalia,36.3276,-119.3269
250,United States,California,Vista,33.1896,-117.2386
251,United States,California,Walnut Creek,37.9024,-122.0398
252,United States,California,Watsonville,36.9206,-121.7706
253,United States,California,West Covina,34.0555,-117.9112
254,United States,California,West Sacramento,38.5557,-121.5504
255,United States,California,Westminster,33.7523,-117.9938
256,United States,California,Whittier,33.9678,-118.0188
257,United States,California,Woodland,38.6712,-121.75
258,United States,California,Yorba Linda,33.889,-117.7714
259,United States,California,Yuba City,39.1357,-121.6381
260,United States,California,Yucaipa,34.0336,-117.0429
261,United States,Colorado,Arvada,39.8321,-105.1511
262,United States,Colorado,Aurora,39.7087,-104.7273
263,United States,Colorado,Boulder,40.0249,-105.2523
264,United States,Colorado,Broomfield,39.9541,-105.0527
265,United States,Colorado,Castle Rock,39.3763,-104.8535
266,United States,Colorado,Centennial,39.5926,-104.8674
267,United States,Colorado,Colorado Springs,38.8674,-104.7606
268,United States,Colorado,Commerce City,39.8642,-104.8434
269,United States,Colorado,Denver,39.7621,-104.8759
270,United States,Colorado,Fort Collins,40.5478,-105.0656
271,United States,Colorado,Grand Junction,39.0876,-108.5673
272,United States,Colorado,Greeley,40.4151,-104.7706
273,United States,Colorado,Lakewood,39.6977,-105.1168
274,United States,Colorado,Littleton,39.5915,-105.0188
275,United States,Colorado,Longmont,40.1686,-105.1005
276,United States,Colorado,Loveland,40.4166,-105.0623
277,United States,Colorado,Northglenn,39.9108,-104.9783
278,United States,Colorado,Parker,39.5084,-104.7753
279,United States,Colorado,Pueblo,38.2705,-104.6112
280,United States,Colorado,Thornton,39.9197,-104.9438
281,United States,Colorado,Westminster,39.8837,-105.0624
282,United States,Connecticut,Bridgeport,41.1918,-73.1953
283,United States,Connecticut,Bristol,41.6812,-72.9407
284,United States,Connecticut,Danbury,41.4016,-73.471
285,United States,Connecticut,Hartford,41.7661,-72.6834
286,United States,Connecticut,Meriden,41.5367,-72.7944
287,United States,Connecticut,Middletown,41.5476,-72.6549
288,United States,Connecticut,Milford,41.2307,-73.064
289,United States,Connecticut,New Britain,41.6758,-72.7862
290,United States,Connecticut,New Haven,41.3112,-72.9246
291,United States,Connecticut,Norwalk,41.1144,-73.4215
292,United States,Connecticut,Norwich,41.5495,-72.0882
293,United States,Connecticut,Shelton,41.306,-73.1383
294,United States,Connecticut,Stamford,41.1035,-73.5583
295,United States,Connecticut,Waterbury,41.5583,-73.0361
296,United States,Connecticut,West Haven,41.2739,-72.9672
297,United States,Delaware,Dover,39.161,-75.5203
298,United States,Delaware,Wilmington,39.7415,-75.5413
299,United States,District of Columbia,Washington,38.9047,-77.0163
300,United States,Florida,Altamonte Springs,28.6615,-81.3953
301,United States,Florida,Apopka,28.7014,-81.5304
302,United States,Florida,Aventura,25.9565,-80.1372
303,United States,Florida,Boca Raton,26.3752,-80.108
304,United States,Florida,Bonita Springs,26.3559,-81.7861
305,United States,Florida,Boynton Beach,26.5281,-80.0811
306,United States,Florida,Bradenton,27.49,-82.5739
307,United States,Florida,Cape Coral,26.6446,-81.9956
308,United States,Florida,Clearwater,27.9789,-82.7622
309,United States,Florida,Coconut Creek,26.2803,-80.1842
310,United States,Florida,Coral Gables,25.7037,-80.2715
311,United States,Florida,Coral Springs,26.2702,-80.2591
312,United States,Florida,Cutler Bay,25.5765,-80.3356
313,United States,Florida,Davie,26.0789,-80.287
314,United States,Florida,Daytona Beach,29.1994,-81.0982
315,United States,Florida,Deerfield Beach,26.305,-80.1277
316,United States,Florida,Delray Beach,26.455,-80.0905
317,United States,Florida,Deltona,28.905,-81.2137
318,United States,Florida,Doral,25.8151,-80.3565
319,United States,Florida,Fort Lauderdale,26.1412,-80.1464
320,United States,Florida,Fort Myers,26.6195,-81.8303
321,United States,Florida,Fort Pierce,27.4256,-80.3431
322,United States,Florida,Gainesville,29.6804,-82.3458
323,United States,Florida,Greenacres,26.6272,-80.1371
324,United States,Florida,Hallandale Beach,25.9854,-80.1423
325,United States,Florida,Hialeah,25.8696,-80.3046
326,United States,Florida,Hollywood,26.0294,-80.1679
327,United States,Florida,Homestead,25.4665,-80.4472
328,United States,Florida,Jacksonville,30.3322,-81.6749
329,United States,Florida,Jupiter,26.9199,-80.1128
330,United States,Florida,Kissimmee,28.3042,-81.4164
331,United States,Florida,Lakeland,28.0556,-81.9545
332,United States,Florida,Largo,27.9088,-82.7711
333,United States,Florida,Lauderhill,26.1605,-80.2242
334,United States,Florida,Margate,26.2466,-80.2119
335,United States,Florida,Melbourne,28.1085,-80.6627
336,United States,Florida,Miami,25.7839,-80.2102
337,United States,Florida,Miami Beach,25.8171,-80.1396
338,United States,Florida,Miami Gardens,25.9433,-80.2426
339,United States,Florida,Miramar,25.9773,-80.3351
340,United States,Florida,North Lauderdale,26.2113,-80.2209
341,United States,Florida,North Miami,25.9007,-80.1686
342,United States,Florida,North Miami Beach,25.9302,-80.166
343,United States,Florida,North Port,27.0577,-82.1975
344,United States,Florida,Oakland Park,26.178,-80.1528
345,United States,Florida,Ocala,29.178,-82.1511
346,United States,Florida,Ocoee,28.5787,-81.5338
347,United States,Florida,Orlando,28.4772,-81.3369
348,United States,Florida,Ormond Beach,29.296,-81.1003
349,United States,Florida,Palm Bay,27.955,-80.6627
350,United States,Florida,Palm Beach Gardens,26.8466,-80.1679
351,United States,Florida,Palm Coast,29.5392,-81.246
352,United States,Florida,Panama City,30.1995,-85.6004
353,United States,Florida,Pembroke Pines,26.0128,-80.3382
354,United States,Florida,Pensacola,30.4427,-87.1886
355,United States,Florida,Pinellas Park,27.8589,-82.7078
356,United States,Florida,Plantation,26.126,-80.2617
357,United States,Florida,Pompano Beach,26.2428,-80.1312
358,United States,Florida,Port Orange,29.1084,-81.0137
359,United States,Florida,Port St. Lucie,27.2796,-80.3883
360,United States,Florida,Sanford,28.7893,-81.276
361,United States,Florida,Sarasota,27.3386,-82.5431
362,United States,Florida,St. Cloud,28.2294,-81.2829
363,United States,Florida,St. Petersburg,27.7931,-82.6652
364,United States,Florida,Sunrise,26.1547,-80.2997
365,United States,Florida,Tallahassee,30.4551,-84.2526
366,United States,Florida,Tamarac,26.2056,-80.2542
367,United States,Florida,Tampa,27.9942,-82.4451
368,United States,Florida,Titusville,28.5727,-80.8193
369,United States,Florida,Wellington,26.6461,-80.2699
370,United States,Florida,West Palm Beach,26.7468,-80.1316
371,United States,Florida,Weston,26.1006,-80.4054
372,United States,Florida,Winter Garden,28.5421,-81.5966
373,United States,Georgia,Albany,31.5776,-84.1762
374,United States,Georgia,Alpharetta,34.0704,-84.2739
375,United States,Georgia,Athens-Clarke County,33.9508,-83.3689
376,United States,Georgia,Atlanta,33.7627,-84.4224
377,United States,Georgia,Augusta-Richmond County,33.3645,-82.0708
378,United States,Georgia,Brookhaven,33.8744,-84.3314
379,United States,Georgia,Columbus,32.51,-84.8771
380,United States,Georgia,Dunwoody,33.9418,-84.3122
381,United States,Georgia,Johns Creek,34.0333,-84.2027
382,United States,Georgia,Macon,32.8065,-83.6974
383,United States,Georgia,Marietta,33.9533,-84.5422
384,United States,Georgia,Peachtree Corners,33.967,-84.2319
385,United States,Georgia,Roswell,34.0391,-84.3513
386,United States,Georgia,Sandy Springs,33.9366,-84.3703
387,United States,Georgia,Savannah,32.0281,-81.1784
388,United States,Georgia,Smyrna,33.8633,-84.5168
389,United States,Georgia,Valdosta,30.8502,-83.2788
390,United States,Georgia,Warner Robins,32.597,-83.6529
391,United States,Hawaii,Honolulu,21.3294,-157.846
392,United States,Idaho,Boise City,43.6007,-116.2312
393,United States,Idaho,Caldwell,43.6453,-116.6591
394,United States,Idaho,Coeur d'Alene,47.7041,-116.7935
395,United States,Idaho,Idaho Falls,43.4872,-112.0362
396,United States,Idaho,Meridian,43.6112,-116.3968
397,United States,Idaho,Nampa,43.5845,-116.5631
398,United States,Idaho,Pocatello,42.8724,-112.4646
399,United States,Idaho,Twin Falls,42.5645,-114.4615
400,United States,Illinois,Addison,41.9314,-88.0085
401,United States,Illinois,Arlington Heights,42.0955,-87.9825
402,United States,Illinois,Aurora,41.7637,-88.2901
403,United States,Illinois,Bartlett,41.9803,-88.2069
404,United States,Illinois,Belleville,38.5165,-89.99
405,United States,Illinois,Berwyn,41.8433,-87.7909
406,United States,Illinois,Bloomington,40.4757,-88.9703
407,United States,Illinois,Bolingbrook,41.6903,-88.1019
408,United States,Illinois,Buffalo Grove,42.1673,-87.9616
409,United States,Illinois,Calumet City,41.6134,-87.5505
410,United States,Illinois,Carol Stream,41.9182,-88.1308
411,United States,Illinois,Carpentersville,42.1227,-88.2895
412,United States,Illinois,Champaign,40.1144,-88.2735
413,United States,Illinois,Chicago,41.8373,-87.6862
414,United States,Illinois,Cicero,41.8445,-87.7593
415,United States,Illinois,Crystal Lake,42.2333,-88.3351
416,United States,Illinois,Decatur,39.8556,-88.9337
417,United States,Illinois,DeKalb,41.9313,-88.7482
418,United States,Illinois,Des Plaines,42.0345,-87.9009
419,United States,Illinois,Downers Grove,41.7949,-88.017
420,United States,Illinois,Elgin,42.0385,-88.3229
421,United States,Illinois,Elmhurst,41.8973,-87.9432
422,United States,Illinois,Evanston,42.0463,-87.6942
423,United States,Illinois,Glenview,42.0825,-87.8216
424,United States,Illinois,Hanover Park,41.9819,-88.1447
425,United States,Illinois,Hoffman Estates,42.0639,-88.1468
426,United States,Illinois,Joliet,41.5189,-88.1499
427,United States,Illinois,Lombard,41.8742,-88.0157
428,United States,Illinois,Moline,41.4821,-90.4921
429,United States,Illinois,Mount Prospect,42.0641,-87.9375
430,United States,Illinois,Naperville,41.7483,-88.1657
431,United States,Illinois,Normal,40.5218,-88.9881
432,United States,Illinois,Oak Lawn,41.7139,-87.7528
433,United States,Illinois,Oak Park,41.8872,-87.7899
434,United States,Illinois,Orland Park,41.6074,-87.8619
435,United States,Illinois,Palatine,42.1181,-88.043
436,United States,Illinois,Park Ridge,42.0125,-87.8436
437,United States,Illinois,Peoria,40.752,-89.6153
438,United States,Illinois,Plainfield,41.6206,-88.2252
439,United States,Illinois,Quincy,39.9335,-91.3799
440,United States,Illinois,Rock Island,41.4699,-90.5827
441,United States,Illinois,Rockford,42.2597,-89.0641
442,United States,Illinois,Romeoville,41.6318,-88.0996
443,United States,Illinois,Schaumburg,42.0307,-88.0838
444,United States,Illinois,Skokie,42.0359,-87.74
445,United States,Illinois,Springfield,39.771,-89.6538
446,United States,Illinois,Streamwood,42.0209,-88.1778
447,United States,Illinois,Tinley Park,41.567,-87.805
448,United States,Illinois,Urbana,40.1106,-88.1972
449,United States,Illinois,Waukegan,42.3697,-87.8716
450,United States,Illinois,Wheaton,41.8561,-88.1083
451,United States,Illinois,Wheeling,42.1308,-87.924
452,United States,Indiana,Anderson,40.0891,-85.6893
453,United States,Indiana,Bloomington,39.1637,-86.5257
454,United States,Indiana,Carmel,39.965,-86.146
455,United States,Indiana,Columbus,39.2093,-85.9183
456,United States,Indiana,Elkhart,41.6916,-85.9628
457,United States,Indiana,Evansville,37.9881,-87.5341
458,United States,Indiana,Fishers,39.9589,-85.9661
459,United States,Indiana,Fort Wayne,41.0886,-85.1437
460,United States,Indiana,Gary,41.5906,-87.3472
461,United States,Indiana,Greenwood,39.6019,-86.1073
462,United States,Indiana,Hammond,41.6169,-87.491
463,United States,Indiana,Indianapolis,39.7771,-86.1458
464,United States,Indiana,Jeffersonville,38.3376,-85.7026
465,United States,Indiana,Kokomo,40.464,-86.1277
466,United States,Indiana,Lafayette,40.399,-86.8594
467,United States,Indiana,Lawrence,39.8674,-85.9905
468,United States,Indiana,Mishawaka,41.6736,-86.1669
469,United States,Indiana,Muncie,40.1989,-85.395
470,United States,Indiana,Noblesville,40.0354,-86.0042
471,United States,Indiana,South Bend,41.6767,-86.2696
472,United States,Indiana,Terre Haute,39.4654,-87.3763
473,United States,Iowa,Ames,42.0259,-93.6215
474,United States,Iowa,Ankeny,41.7285,-93.6033
475,United States,Iowa,Cedar Falls,42.5195,-92.4534
476,United States,Iowa,Cedar Rapids,41.9665,-91.6782
477,United States,Iowa,Council Bluffs,41.2369,-95.8517
478,United States,Iowa,Davenport,41.5563,-90.6052
479,United States,Iowa,Des Moines,41.5725,-93.6105
480,United States,Iowa,Dubuque,42.5008,-90.7067
481,United States,Iowa,Iowa City,41.6559,-91.5303
482,United States,Iowa,Sioux City,42.4959,-96.3901
483,United States,Iowa,Urbandale,41.639,-93.7813
484,United States,Iowa,Waterloo,42.492,-92.3522
485,United States,Iowa,West Des Moines,41.5522,-93.7805
486,United States,Kansas,Hutchinson,38.0671,-97.9081
487,United States,Kansas,Kansas City,39.1234,-94.7443
488,United States,Kansas,Lawrence,38.9597,-95.2641
489,United States,Kansas,Lenexa,38.9609,-94.8018
490,United States,Kansas,Manhattan,39.1886,-96.6046
491,United States,Kansas,Olathe,38.8832,-94.8198
492,United States,Kansas,Overland Park,38.887,-94.687
493,United States,Kansas,Salina,38.8137,-97.6143
494,United States,Kansas,Shawnee,39.0158,-94.8076
495,United States,Kansas,Topeka,39.0346,-95.6955
496,United States,Kansas,Wichita,37.6896,-97.3442
497,United States,Kentucky,Bowling Green,36.9719,-86.4373
498,United States,Kentucky,Covington,39.0334,-84.5166
499,United States,Kentucky,Lexington-Fayette,38.0423,-84.4587
500,United States,Kentucky,Louisville/Jefferson County,38.1663,-85.6485
501,United States,Kentucky,Owensboro,37.7574,-87.1173
502,United States,Louisiana,Alexandria,31.2923,-92.4702
503,United States,Louisiana,Baton Rouge,30.4418,-91.131
504,United States,Louisiana,Bossier City,32.5227,-93.6666
505,United States,Louisiana,Kenner,30.0109,-90.2549
506,United States,Louisiana,Lafayette,30.2084,-92.0323
507,United States,Louisiana,Lake Charles,30.2012,-93.2122
508,United States,Louisiana,Monroe,32.5183,-92.0774
509,United States,Louisiana,New Orleans,30.0687,-89.9288
510,United States,Louisiana,Shreveport,32.4656,-93.7956
511,United States,Maine,Portland,43.6773,-70.2715
512,United States,Maryland,Annapolis,38.9706,-76.5047
513,United States,Maryland,Baltimore,39.3051,-76.6144
514,United States,Maryland,Bowie,38.9569,-76.7409
515,United States,Maryland,Frederick,39.4336,-77.4141
516,United States,Maryland,Gaithersburg,39.1346,-77.2132
517,United States,Maryland,Hagerstown,39.6401,-77.7217
518,United States,Maryland,Rockville,39.0834,-77.1552
519,United States,Massachusetts,Attleboro,41.9311,-71.295
520,United States,Massachusetts,Barnstable Town,41.6722,-70.3599
521,United States,Massachusetts,Beverly,42.5681,-70.8627
522,United States,Massachusetts,Boston,42.3188,-71.0846
523,United States,Massachusetts,Brockton,42.0821,-71.0242
524,United States,Massachusetts,Cambridge,42.3759,-71.1185
525,United States,Massachusetts,Chelsea,42.3959,-71.0325
526,United States,Massachusetts,Chicopee,42.1764,-72.5719
527,United States,Massachusetts,Everett,42.4064,-71.0545
528,United States,Massachusetts,Fall River,41.7137,-71.1014
529,United States,Massachusetts,Fitchburg,42.5912,-71.8156
530,United States,Massachusetts,Haverhill,42.7838,-71.0871
531,United States,Massachusetts,Holyoke,42.2125,-72.6411
532,United States,Massachusetts,Lawrence,42.7003,-71.1626
533,United States,Massachusetts,Leominster,42.5209,-71.7717
534,United States,Massachusetts,Lowell,42.6389,-71.3217
535,United States,Massachusetts,Lynn,42.4779,-70.9663
536,United States,Massachusetts,Malden,42.4305,-71.0576
537,United States,Massachusetts,Marlborough,42.3494,-71.5468
538,United States,Massachusetts,Medford,42.4234,-71.1087
539,United States,Massachusetts,Methuen,42.7262,-71.1909
540,United States,Massachusetts,New Bedford,41.6697,-70.9428
541,United States,Massachusetts,Newton,42.3316,-71.2085
542,United States,Massachusetts,Peabody,42.5335,-70.9724
543,United States,Massachusetts,Pittsfield,42.4517,-73.2605
544,United States,Massachusetts,Quincy,42.2516,-71.0183
545,United States,Massachusetts,Revere,42.4192,-71.0036
546,United States,Massachusetts,Salem,42.5129,-70.902
547,United States,Massachusetts,Somerville,42.3908,-71.1013
548,United States,Massachusetts,Springfield,42.1155,-72.5395
549,United States,Massachusetts,Taunton,41.9036,-71.0943
550,United States,Massachusetts,Waltham,42.3889,-71.2423
551,United States,Massachusetts,Westfield,42.1382,-72.7561
552,United States,Massachusetts,Weymouth Town,42.1984,-70.9466
553,United States,Massachusetts,Woburn,42.4869,-71.1543
554,United States,Massachusetts,Worcester,42.2705,-71.8079
555,United States,Michigan,Ann Arbor,42.2755,-83.7312
556,United States,Michigan,Battle Creek,42.2986,-85.2296
557,United States,Michigan,Dearborn,42.3127,-83.2129
558,United States,Michigan,Dearborn Heights,42.3164,-83.2769
559,United States,Michigan,Detroit,42.3834,-83.1024
560,United States,Michigan,East Lansing,42.748,-84.4835
561,United States,Michigan,Farmington Hills,42.486,-83.3771
562,United States,Michigan,Flint,43.0235,-83.6922
563,United States,Michigan,Grand Rapids,42.962,-85.6562
564,United States,Michigan,Kalamazoo,42.2749,-85.5882
565,United States,Michigan,Kentwood,42.8852,-85.5925
566,United States,Michigan,Lansing,42.7142,-84.5601
567,United States,Michigan,Lincoln Park,42.2432,-83.1811
568,United States,Michigan,Livonia,42.3972,-83.3733
569,United States,Michigan,Midland,43.6241,-84.2319
570,United States,Michigan,Muskegon,43.2281,-86.2563
571,United States,Michigan,Novi,42.4786,-83.4893
572,United States,Michigan,Pontiac,42.6493,-83.2878
573,United States,Michigan,Portage,42.2,-85.5906
574,United States,Michigan,Rochester Hills,42.6645,-83.1563
575,United States,Michigan,Roseville,42.5074,-82.9369
576,United States,Michigan,Royal Oak,42.5084,-83.1539
577,United States,Michigan,Saginaw,43.4199,-83.9501
578,United States,Michigan,Southfield,42.4765,-83.2605
579,United States,Michigan,St. Clair Shores,42.4921,-82.8957
580,United States,Michigan,Sterling Heights,42.5809,-83.0305
581,United States,Michigan,Taylor,42.226,-83.2688
582,United States,Michigan,Troy,42.5818,-83.1457
583,United States,Michigan,Warren,42.4934,-83.027
584,United States,Michigan,Westland,42.3192,-83.3805
585,United States,Michigan,Wyoming,42.8909,-85.7066
586,United States,Minnesota,Apple Valley,44.7457,-93.2006
587,United States,Minnesota,Blaine,45.1696,-93.2077
588,United States,Minnesota,Bloomington,44.8306,-93.3151
589,United States,Minnesota,Brooklyn Park,45.1112,-93.3505
590,United States,Minnesota,Burnsville,44.7648,-93.2795
591,United States,Minnesota,Coon Rapids,45.1755,-93.3095
592,United States,Minnesota,Duluth,46.7756,-92.1392
593,United States,Minnesota,Eagan,44.8169,-93.1638
594,United States,Minnesota,Eden Prairie,44.8488,-93.4595
595,United States,Minnesota,Edina,44.8914,-93.3602
596,United States,Minnesota,Lakeville,44.6774,-93.252
597,United States,Minnesota,Mankato,44.1712,-93.9773
598,United States,Minnesota,Maple Grove,45.1089,-93.4626
599,United States,Minnesota,Maplewood,44.9842,-93.0247
600,United States,Minnesota,Minneapolis,44.9635,-93.2678
601,United States,Minnesota,Minnetonka,44.9322,-93.4598
602,United States,Minnesota,Moorhead,46.8673,-96.7461
603,United States,Minnesota,Plymouth,45.0225,-93.4618
604,United States,Minnesota,Rochester,44.0151,-92.4778
605,United States,Minnesota,Shakopee,44.7744,-93.4764
606,United States,Minnesota,St. Cloud,45.5339,-94.1718
607,United States,Minnesota,St. Louis Park,44.9488,-93.3649
608,United States,Minnesota,St. Paul,44.9477,-93.104
609,United States,Minnesota,Woodbury,44.9056,-92.923
610,United States,Mississippi,Biloxi,30.4422,-88.9512
611,United States,Mississippi,Gulfport,30.4271,-89.0703
612,United States,Mississippi,Hattiesburg,31.3074,-89.317
613,United States,Mississippi,Jackson,32.3163,-90.2124
614,United States,Mississippi,Meridian,32.3846,-88.6896
615,United States,Mississippi,Southaven,34.9514,-89.9787
616,United States,Missouri,Blue Springs,39.0124,-94.2721
617,United States,Missouri,Cape Girardeau,37.3108,-89.5597
618,United States,Missouri,Chesterfield,38.6588,-90.5804
619,United States,Missouri,Columbia,38.9478,-92.3256
620,United States,Missouri,Florissant,38.7996,-90.3269
621,United States,Missouri,Independence,39.0871,-94.3501
622,United States,Missouri,Jefferson City,38.5676,-92.1759
623,United States,Missouri,Joplin,37.0758,-94.5018
624,United States,Missouri,Kansas City,39.1239,-94.5541
625,United States,Missouri,Lee's Summit,38.9172,-94.3816
626,United States,Missouri,O'Fallon,38.785,-90.7175
627,United States,Missouri,Springfield,37.1943,-93.2916
628,United States,Missouri,St. Charles,38.7954,-90.5157
629,United States,Missouri,St. Joseph,39.7599,-94.821
630,United States,Missouri,St. Louis,38.6358,-90.2451
631,United States,Missouri,St. Peters,38.7824,-90.6061
632,United States,Montana,Billings,45.7891,-108.5524
633,United States,Montana,Bozeman,45.6832,-111.0552
634,United States,Montana,Great Falls,47.5022,-111.2995
635,United States,Montana,Missoula,46.875,-114.0214
636,United States,Nebraska,Bellevue,41.1535,-95.9357
637,United States,Nebraska,Grand Island,40.9214,-98.3584
638,United States,Nebraska,Lincoln,40.809,-96.6788
639,United States,Nebraska,Omaha,41.2627,-96.0522
640,United States,Nevada,Carson City,39.1512,-119.7474
641,United States,Nevada,Henderson,36.0133,-115.038
642,United States,Nevada,Las Vegas,36.2333,-115.2654
643,United States,Nevada,North Las Vegas,36.288,-115.0901
644,United States,Nevada,Reno,39.5497,-119.8483
645,United States,Nevada,Sparks,39.5729,-119.7157
646,United States,New Hampshire,Concord,43.2305,-71.5595
647,United States,New Hampshire,Manchester,42.9848,-71.4447
648,United States,New Hampshire,Nashua,42.7491,-71.491
649,United States,New Jersey,Atlantic City,39.3797,-74.4527
650,United States,New Jersey,Bayonne,40.6661,-74.1141
651,United States,New Jersey,Camden,39.9362,-75.1073
652,United States,New Jersey,Clifton,40.8631,-74.1575
653,United States,New Jersey,East Orange,40.7651,-74.2117
654,United States,New Jersey,Elizabeth,40.6657,-74.1912
655,United States,New Jersey,Hackensack,40.889,-74.0461
656,United States,New Jersey,Hoboken,40.7453,-74.0279
657,United States,New Jersey,Jersey City,40.7161,-74.0682
658,United States,New Jersey,Kearny,40.7528,-74.1202
659,United States,New Jersey,Linden,40.6251,-74.2381
660,United States,New Jersey,New Brunswick,40.487,-74.445
661,United States,New Jersey,Newark,40.7245,-74.1725
662,United States,New Jersey,Passaic,40.8574,-74.1282
663,United States,New Jersey,Paterson,40.9147,-74.1624
664,United States,New Jersey,Perth Amboy,40.5203,-74.2724
665,United States,New Jersey,Plainfield,40.6154,-74.4157
666,United States,New Jersey,Sayreville,40.4656,-74.3237
667,United States,New Jersey,Trenton,40.2236,-74.7641
668,United States,New Jersey,Union City,40.7674,-74.0323
669,United States,New Jersey,Vineland,39.4653,-74.9981
670,United States,New Jersey,West New York,40.7856,-74.0093
671,United States,New Mexico,Albuquerque,35.1053,-106.6464
672,United States,New Mexico,Clovis,34.4376,-103.1923
673,United States,New Mexico,Farmington,36.7555,-108.1823
674,United States,New Mexico,Las Cruces,32.3265,-106.7892
675,United States,New Mexico,Rio Rancho,35.2872,-106.6981
676,United States,New Mexico,Roswell,33.373,-104.5294
677,United States,New Mexico,Santa Fe,35.6619,-105.9819
678,United States,New York,Albany,42.6664,-73.7987
679,United States,New York,Binghamton,42.1014,-75.9093
680,United States,New York,Buffalo,42.9016,-78.8487
681,United States,New York,Freeport,40.6515,-73.585
682,United States,New York,Hempstead,40.7043,-73.6193
683,United States,New York,Mount Vernon,40.9136,-73.8291
684,United States,New York,New Rochelle,40.9305,-73.7836
685,United States,New York,New York,40.6943,-73.9249
686,United States,New York,Niagara Falls,43.0921,-79.0147
687,United States,New York,Rochester,43.168,-77.6162
688,United States,New York,Schenectady,42.8025,-73.9276
689,United States,New York,Syracuse,43.0409,-76.1438
690,United States,New York,Troy,42.7354,-73.6751
691,United States,New York,Utica,43.0961,-75.226
692,United States,New York,Valley Stream,40.6647,-73.7044
693,United States,New York,White Plains,41.022,-73.7549
694,United States,New York,Yonkers,40.9466,-73.8674
695,United States,North Carolina,Apex,35.7239,-78.8728
696,United States,North Carolina,Asheville,35.5704,-82.5536
697,United States,North Carolina,Burlington,36.0758,-79.4686
698,United States,North Carolina,Cary,35.782,-78.8191
699,United States,North Carolina,Chapel Hill,35.927,-79.0391
700,United States,North Carolina,Charlotte,35.208,-80.8304
701,United States,North Carolina,Concord,35.3933,-80.6366
702,United States,North Carolina,Durham,35.9794,-78.9031
703,United States,North Carolina,Fayetteville,35.0846,-78.9776
704,United States,North Carolina,Gastonia,35.2494,-81.1853
705,United States,North Carolina,Greensboro,36.0956,-79.8269
706,United States,North Carolina,Greenville,35.5956,-77.3768
707,United States,North Carolina,Hickory,35.7425,-81.323
708,United States,North Carolina,High Point,35.9907,-79.9938
709,United States,North Carolina,Huntersville,35.4058,-80.8727
710,United States,North Carolina,Jacksonville,34.7288,-77.3941
711,United States,North Carolina,Kannapolis,35.4764,-80.6403
712,United States,North Carolina,Raleigh,35.8325,-78.6435
713,United States,North Carolina,Rocky Mount,35.9676,-77.8048
714,United States,North Carolina,Wilmington,34.21,-77.8866
715,United States,North Carolina,Wilson,35.7312,-77.9284
716,United States,North Carolina,Winston-Salem,36.1029,-80.2611
717,United States,North Dakota,Bismarck,46.8144,-100.7694
718,United States,North Dakota,Fargo,46.8652,-96.8292
719,United States,North Dakota,Grand Forks,47.9218,-97.0886
720,United States,North Dakota,Minot,48.2375,-101.2781
721,United States,Ohio,Akron,41.0798,-81.5219
722,United States,Ohio,Beavercreek,39.731,-84.0624
723,United States,Ohio,Canton,40.8075,-81.3677
724,United States,Ohio,Cincinnati,39.1413,-84.5061
725,United States,Ohio,Cleveland,41.4767,-81.6804
726,United States,Ohio,Cleveland Heights,41.5112,-81.5636
727,United States,Ohio,Columbus,39.9862,-82.985
728,United States,Ohio,Cuyahoga Falls,41.1641,-81.5207
729,United States,Ohio,Dayton,39.7797,-84.1998
730,United States,Ohio,Dublin,40.1112,-83.1454
731,United States,Ohio,Elyria,41.3761,-82.1063
732,United States,Ohio,Euclid,41.5904,-81.5188
733,United States,Ohio,Fairfield,39.3301,-84.5409
734,United States,Ohio,Findlay,41.0467,-83.6379
735,United States,Ohio,Grove City,39.8659,-83.0694
736,United States,Ohio,Hamilton,39.3938,-84.5653
737,United States,Ohio,Huber Heights,39.8595,-84.113
738,United States,Ohio,Kettering,39.6957,-84.1495
739,United States,Ohio,Lakewood,41.4824,-81.8008
740,United States,Ohio,Lancaster,39.7249,-82.6049
741,United States,Ohio,Lima,40.741,-84.1121
742,United States,Ohio,Lorain,41.4409,-82.184
743,United States,Ohio,Mansfield,40.7656,-82.5275
744,United States,Ohio,Mentor,41.6895,-81.3361
745,United States,Ohio,Middletown,39.5032,-84.366
746,United States,Ohio,Newark,40.0705,-82.4251
747,United States,Ohio,Parma,41.3843,-81.7286
748,United States,Ohio,Springfield,39.9297,-83.7957
749,United States,Ohio,Strongsville,41.3128,-81.8313
750,United States,Ohio,Toledo,41.6639,-83.5822
751,United States,Ohio,Warren,41.239,-80.8174
752,United States,Ohio,Westerville,40.1241,-82.9209
753,United States,Ohio,Youngstown,41.0993,-80.6463
754,United States,Oklahoma,Broken Arrow,36.0365,-95.7809
755,United States,Oklahoma,Edmond,35.6689,-97.4159
756,United States,Oklahoma,Enid,36.4061,-97.8701
757,United States,Oklahoma,Lawton,34.6176,-98.4203
758,United States,Oklahoma,Midwest City,35.463,-97.3709
759,United States,Oklahoma,Moore,35.3293,-97.4758
760,United States,Oklahoma,Muskogee,35.7431,-95.3568
761,United States,Oklahoma,Norman,35.2335,-97.3471
762,United States,Oklahoma,Oklahoma City,35.4676,-97.5136
763,United States,Oklahoma,Stillwater,36.1316,-97.074
764,United States,Oklahoma,Tulsa,36.1284,-95.9042
765,United States,Oregon,Albany,44.6274,-123.0966
766,United States,Oregon,Beaverton,45.4779,-122.8168
767,United States,Oregon,Bend,44.0562,-121.3087
768,United States,Oregon,Corvallis,44.5697,-123.278
769,United States,Oregon,Eugene,44.0563,-123.1173
770,United States,Oregon,Gresham,45.5023,-122.4413
771,United States,Oregon,Hillsboro,45.5272,-122.9361
772,United States,Oregon,Keizer,45.0029,-123.0241
773,United States,Oregon,Lake Oswego,45.413,-122.7003
774,United States,Oregon,Medford,42.3372,-122.8537
775,United States,Oregon,Portland,45.5372,-122.65
776,United States,Oregon,Salem,44.9231,-123.0246
777,United States,Oregon,Springfield,44.0538,-122.981
778,United States,Oregon,Tigard,45.4237,-122.7845
779,United States,Pennsylvania,Allentown,40.5961,-75.4756
780,United States,Pennsylvania,Altoona,40.5082,-78.4007
781,United States,Pennsylvania,Bethlehem,40.6266,-75.3679
782,United States,Pennsylvania,Erie,42.1168,-80.0733
783,United States,Pennsylvania,Harrisburg,40.2752,-76.8843
784,United States,Pennsylvania,Lancaster,40.0421,-76.3012
785,United States,Pennsylvania,Philadelphia,40.0077,-75.1339
786,United States,Pennsylvania,Pittsburgh,40.4396,-79.9762
787,United States,Pennsylvania,Reading,40.34,-75.9267
788,United States,Pennsylvania,Scranton,41.4044,-75.6649
789,United States,Pennsylvania,State College,40.7909,-77.8568
790,United States,Pennsylvania,Wilkes-Barre,41.2468,-75.8759
791,United States,Pennsylvania,York,39.9651,-76.7315
792,United States,Rhode Island,Cranston,41.7658,-71.4857
793,United States,Rhode Island,East Providence,41.8065,-71.3565
794,United States,Rhode Island,Pawtucket,41.8744,-71.3743
795,United States,Rhode Island,Providence,41.823,-71.4187
796,United States,Rhode Island,Warwick,41.7062,-71.4334
797,United States,Rhode Island,Woonsocket,42.001,-71.4993
798,United States,South Carolina,Charleston,32.8153,-79.9628
799,United States,South Carolina,Columbia,34.0376,-80.9037
800,United States,South Carolina,Florence,34.1781,-79.7877
801,United States,South Carolina,Goose Creek,32.9925,-80.0054
802,United States,South Carolina,Greenville,34.8353,-82.3647
803,United States,South Carolina,Hilton Head Island,32.1896,-80.7499
804,United States,South Carolina,Mount Pleasant,32.8538,-79.8204
805,United States,South Carolina,North Charleston,32.9066,-80.0722
806,United States,South Carolina,Rock Hill,34.9416,-81.0244
807,United States,South Carolina,Spartanburg,34.9437,-81.9257
808,United States,South Carolina,Summerville,33.0015,-80.1799
809,United States,South Carolina,Sumter,33.9392,-80.393
810,United States,South Dakota,Rapid City,44.0716,-103.2204
811,United States,South Dakota,Sioux Falls,43.5397,-96.732
812,United States,Tennessee,Bartlett,35.2337,-89.8195
813,United States,Tennessee,Brentwood,35.9918,-86.7758
814,United States,Tennessee,Chattanooga,35.0657,-85.2488
815,United States,Tennessee,Clarksville,36.5695,-87.342
816,United States,Tennessee,Cleveland,35.1817,-84.8707
817,United States,Tennessee,Collierville,35.0471,-89.6988
818,United States,Tennessee,Franklin,35.9216,-86.8525
819,United States,Tennessee,Germantown,35.0829,-89.7825
820,United States,Tennessee,Hendersonville,36.3063,-86.5998
821,United States,Tennessee,Jackson,35.6535,-88.8353
822,United States,Tennessee,Johnson City,36.3406,-82.3803
823,United States,Tennessee,Kingsport,36.5224,-82.5453
824,United States,Tennessee,Knoxville,35.9692,-83.9496
825,United States,Tennessee,Memphis,35.1046,-89.9773
826,United States,Tennessee,Murfreesboro,35.8492,-86.4119
827,United States,Tennessee,Nashville-Davidson,36.1715,-86.7843
828,United States,Tennessee,Smyrna,35.9722,-86.5253
829,United States,Texas,Abilene,32.4543,-99.7384
830,United States,Texas,Allen,33.1088,-96.6735
831,United States,Texas,Amarillo,35.1988,-101.8311
832,United States,Texas,Arlington,32.6998,-97.125
833,United States,Texas,Austin,30.3004,-97.7522
834,United States,Texas,Baytown,29.7586,-94.9669
835,United States,Texas,Beaumont,30.0849,-94.1451
836,United States,Texas,Bedford,32.8464,-97.135
837,United States,Texas,Brownsville,25.998,-97.4565
838,United States,Texas,Bryan,30.6657,-96.3668
839,United States,Texas,Burleson,32.517,-97.3343
840,United States,Texas,Carrollton,32.989,-96.8999
841,United States,Texas,Cedar Hill,32.581,-96.9591
842,United States,Texas,Cedar Park,30.5106,-97.8196
843,United States,Texas,College Station,30.5852,-96.296
844,United States,Texas,Conroe,30.3239,-95.4825
845,United States,Texas,Coppell,32.9638,-96.9905
846,United States,Texas,Corpus Christi,27.726,-97.3755
847,United States,Texas,Dallas,32.7936,-96.7662
848,United States,Texas,Denton,33.2176,-97.1419
849,United States,Texas,DeSoto,32.5992,-96.8633
850,United States,Texas,Duncanville,32.646,-96.9127
851,United States,Texas,Edinburg,26.3197,-98.1596
852,United States,Texas,El Paso,31.8479,-106.4309
853,United States,Texas,Euless,32.8508,-97.0799
854,United States,Texas,Flower Mound,33.0344,-97.1146
855,United States,Texas,Fort Worth,32.7811,-97.3473
856,United States,Texas,Friendswood,29.5111,-95.1979
857,United States,Texas,Frisco,33.1555,-96.8215
858,United States,Texas,Galveston,29.2487,-94.891
859,United States,Texas,Garland,32.91,-96.6305
860,United States,Texas,Georgetown,30.6668,-97.6953
861,United States,Texas,Grand Prairie,32.6872,-97.0209
862,United States,Texas,Grapevine,32.9343,-97.0744
863,United States,Texas,Haltom City,32.8176,-97.2707
864,United States,Texas,Harlingen,26.1917,-97.6976
865,United States,Texas,Houston,29.7863,-95.3889
866,United States,Texas,Huntsville,30.705,-95.5544
867,United States,Texas,Hurst,32.8353,-97.1808
868,United States,Texas,Irving,32.8584,-96.9702
869,United States,Texas,Keller,32.9337,-97.2255
870,United States,Texas,Killeen,31.0754,-97.7296
871,United States,Texas,Lancaster,32.5922,-96.7737
872,United States,Texas,Laredo,27.5629,-99.4875
873,United States,Texas,League City,29.4873,-95.1087
874,United States,Texas,Lewisville,33.0452,-96.9823
875,United States,Texas,Longview,32.5193,-94.7621
876,United States,Texas,Lubbock,33.5659,-101.8878
877,United States,Texas,Mansfield,32.569,-97.1211
878,United States,Texas,McAllen,26.2273,-98.2471
879,United States,Texas,McKinney,33.2015,-96.6669
880,United States,Texas,Mesquite,32.7623,-96.5889
881,United States,Texas,Midland,32.0249,-102.1137
882,United States,Texas,Mission,26.2041,-98.3251
883,United States,Texas,Missouri City,29.563,-95.5365
884,United States,Texas,New Braunfels,29.6994,-98.1148
885,United States,Texas,North Richland Hills,32.8605,-97.218
886,United States,Texas,Odessa,31.8831,-102.3406
887,United States,Texas,Pasadena,29.6583,-95.1499
888,United States,Texas,Pearland,29.5585,-95.3215
889,United States,Texas,Pflugerville,30.452,-97.6022
890,United States,Texas,Pharr,26.1685,-98.1904
891,United States,Texas,Plano,33.0502,-96.7487
892,United States,Texas,Port Arthur,29.8554,-93.9264
893,United States,Texas,Richardson,32.9717,-96.7093
894,United States,Texas,Rockwall,32.9169,-96.4377
895,United States,Texas,Round Rock,30.5254,-97.666
896,United States,Texas,Rowlett,32.9157,-96.5488
897,United States,Texas,San Angelo,31.4424,-100.4506
898,United States,Texas,San Antonio,29.4658,-98.5253
899,United States,Texas,San Marcos,29.8736,-97.9381
900,United States,Texas,Sherman,33.6274,-96.6218
901,United States,Texas,Sugar Land,29.5935,-95.6357
902,United States,Texas,Temple,31.1076,-97.3894
903,United States,Texas,Texarkana,33.4487,-94.0815
904,United States,Texas,Texas City,29.4128,-94.9658
905,United States,Texas,The Colony,33.0925,-96.8977
906,United States,Texas,Tyler,32.3184,-95.3062
907,United States,Texas,Victoria,28.8285,-96.985
908,United States,Texas,Waco,31.5598,-97.1881
909,United States,Texas,Weslaco,26.1648,-97.9898
910,United States,Texas,Wichita Falls,33.9072,-98.5291
911,United States,Texas,Wylie,33.0362,-96.5161
912,United States,Utah,Bountiful,40.8722,-111.8647
913,United States,Utah,Draper,40.4957,-111.8605
914,United States,Utah,Layton,41.0769,-111.9621
915,United States,Utah,Lehi,40.4136,-111.8726
916,United States,Utah,Logan,41.74,-111.8419
917,United States,Utah,Murray,40.6498,-111.8874
918,United States,Utah,Ogden,41.2278,-111.9682
919,United States,Utah,Orem,40.2983,-111.6992
920,United States,Utah,Provo,40.2457,-111.6457
921,United States,Utah,Riverton,40.5177,-111.9635
922,United States,Utah,Roy,41.1715,-112.0485
923,United States,Utah,Salt Lake City,40.7777,-111.9306
924,United States,Utah,Sandy,40.571,-111.8505
925,United States,Utah,South Jordan,40.557,-111.9782
926,United States,Utah,Spanish Fork,40.1101,-111.6406
927,United States,Utah,St. George,37.077,-113.577
928,United States,Utah,Taylorsville,40.657,-111.9493
929,United States,Utah,West Jordan,40.6024,-112.0008
930,United States,Utah,West Valley City,40.6889,-112.0115
931,United States,Vermont,Burlington,44.4877,-73.2314
932,United States,Virginia,Alexandria,38.8185,-77.0861
933,United States,Virginia,Blacksburg,37.23,-80.4279
934,United States,Virginia,Charlottesville,38.0375,-78.4855
935,United States,Virginia,Chesapeake,36.6778,-76.3024
936,United States,Virginia,Danville,36.5831,-79.4087
937,United States,Virginia,Hampton,37.0551,-76.363
938,United States,Virginia,Harrisonburg,38.4361,-78.8735
939,United States,Virginia,Leesburg,39.1058,-77.5544
940,United States,Virginia,Lynchburg,37.4003,-79.1909
941,United States,Virginia,Manassas,38.7479,-77.4839
942,United States,Virginia,Newport News,37.1051,-76.5185
943,United States,Virginia,Norfolk,36.8945,-76.259
944,United States,Virginia,Portsmouth,36.8468,-76.354
945,United States,Virginia,Richmond,37.5295,-77.4756
946,United States,Virginia,Roanoke,37.2785,-79.958
947,United States,Virginia,Suffolk,36.6953,-76.6398
948,United States,Virginia,Virginia Beach,36.7335,-76.0435
949,United States,Washington,Auburn,47.3039,-122.2108
950,United States,Washington,Bellevue,47.5951,-122.1535
951,United States,Washington,Bellingham,48.7543,-122.4687
952,United States,Washington,Bremerton,47.5436,-122.7122
953,United States,Washington,Burien,47.4762,-122.3394
954,United States,Washington,Edmonds,47.8115,-122.3533
955,United States,Washington,Everett,47.9525,-122.1669
956,United States,Washington,Federal Way,47.3091,-122.3358
957,United States,Washington,Kennewick,46.1978,-119.1732
958,United States,Washington,Kent,47.3887,-122.2129
959,United States,Washington,Kirkland,47.6974,-122.2054
960,United States,Washington,Lacey,47.046,-122.7934
961,United States,Washington,Lakewood,47.1628,-122.5299
962,United States,Washington,Marysville,48.0809,-122.1561
963,United States,Washington,Olympia,47.0417,-122.8959
964,United States,Washington,Pasco,46.2506,-119.1304
965,United States,Washington,Puyallup,47.1794,-122.2902
966,United States,Washington,Redmond,47.6762,-122.1169
967,United States,Washington,Renton,47.4784,-122.1919
968,United States,Washington,Richland,46.2824,-119.2938
969,United States,Washington,Sammamish,47.6017,-122.0416
970,United States,Washington,Seattle,47.6211,-122.3244
971,United States,Washington,Shoreline,47.7564,-122.3426
972,United States,Washington,Spokane,47.6671,-117.433
973,United States,Washington,Spokane Valley,47.6626,-117.2346
974,United States,Washington,Tacoma,47.2431,-122.4531
975,United States,Washington,Vancouver,45.6366,-122.5967
976,United States,Washington,Yakima,46.5923,-120.5496
977,United States,West Virginia,Charleston,38.3484,-81.6323
978,United States,West Virginia,Huntington,38.4109,-82.4344
979,United States,Wisconsin,Appleton,44.2779,-88.3891
980,United States,Wisconsin,Beloit,42.523,-89.0184
981,United States,Wisconsin,Brookfield,43.064,-88.1231
982,United States,Wisconsin,Eau Claire,44.8199,-91.4949
983,United States,Wisconsin,Fond du Lac,43.7718,-88.4396
984,United States,Wisconsin,Green Bay,44.515,-87.9896
985,United States,Wisconsin,Greenfield,42.9619,-88.0051
986,United States,Wisconsin,Janesville,42.6855,-89.0136
987,United States,Wisconsin,Kenosha,42.5864,-87.8765
988,United States,Wisconsin,La Crosse,43.824,-91.2268
989,United States,Wisconsin,Madison,43.0826,-89.3931
990,United States,Wisconsin,Milwaukee,43.0642,-87.9673
991,United States,Wisconsin,New Berlin,42.9726,-88.1291
992,United States,Wisconsin,Oshkosh,44.0228,-88.5619
993,United States,Wisconsin,Racine,42.7274,-87.8135
994,United States,Wisconsin,Sheboygan,43.7403,-87.7316
995,United States,Wisconsin,Waukesha,43.0087,-88.2464
996,United States,Wisconsin,Wausau,44.962,-89.6459
997,United States,Wisconsin,Wauwatosa,43.0615,-88.0347
998,United States,Wisconsin,West Allis,43.0068,-88.0296
999,United States,Wyoming,Casper,42.842,-106.3207
1000,United States,Wyoming,Cheyenne,41.1351,-104.79
